{
  "model_name": "linear_svc",
  "accuracy": 0.76257269928156,
  "labels": [
    "negative",
    "neutral",
    "positive"
  ],
  "classification_report": {
    "negative": {
      "precision": 0.8525395958492626,
      "recall": 0.851145038167939,
      "f1-score": 0.8518417462482947,
      "support": 1834.0
    },
    "neutral": {
      "precision": 0.5492307692307692,
      "recall": 0.5786061588330632,
      "f1-score": 0.56353591160221,
      "support": 617.0
    },
    "positive": {
      "precision": 0.7036199095022625,
      "recall": 0.6588983050847458,
      "f1-score": 0.6805251641137856,
      "support": 472.0
    },
    "accuracy": 0.76257269928156,
    "macro avg": {
      "precision": 0.7017967581940981,
      "recall": 0.6962165006952493,
      "f1-score": 0.6986342739880967,
      "support": 2923.0
    },
    "weighted avg": {
      "precision": 0.7644685599343141,
      "recall": 0.76257269928156,
      "f1-score": 0.7633210049742192,
      "support": 2923.0
    }
  },
  "confusion_matrix": [
    [
      1561,
      212,
      61
    ],
    [
      190,
      357,
      70
    ],
    [
      80,
      81,
      311
    ]
  ]
}