{
  "sgd_classifier": {
    "accuracy": 0.7786520697913103,
    "macro_f1": 0.7142635531665095,
    "weighted_f1": 0.7753404602948356,
    "per_class": {
      "negative": {
        "precision": 0.8422976501305482,
        "recall": 0.8794983642311887,
        "f1-score": 0.8604961323019472,
        "support": 1834.0
      },
      "neutral": {
        "precision": 0.5982300884955752,
        "recall": 0.5478119935170178,
        "f1-score": 0.571912013536379,
        "support": 617.0
      },
      "positive": {
        "precision": 0.7336343115124153,
        "recall": 0.6885593220338984,
        "f1-score": 0.7103825136612022,
        "support": 472.0
      }
    }
  },
  "ridge_classifier": {
    "accuracy": 0.7430721861101608,
    "macro_f1": 0.6909873961499211,
    "weighted_f1": 0.7507017776635845,
    "per_class": {
      "negative": {
        "precision": 0.8773413897280967,
        "recall": 0.7917121046892039,
        "f1-score": 0.8323301805674979,
        "support": 1834.0
      },
      "neutral": {
        "precision": 0.5110533159947984,
        "recall": 0.6369529983792545,
        "f1-score": 0.5670995670995671,
        "support": 617.0
      },
      "positive": {
        "precision": 0.655310621242485,
        "recall": 0.6927966101694916,
        "f1-score": 0.6735324407826982,
        "support": 472.0
      }
    }
  },
  "multinomial_nb": {
    "accuracy": 0.7523092712966131,
    "macro_f1": 0.6292183925587631,
    "weighted_f1": 0.7204837062386569,
    "per_class": {
      "negative": {
        "precision": 0.7473772555602182,
        "recall": 0.9711014176663032,
        "f1-score": 0.8446763101731088,
        "support": 1834.0
      },
      "neutral": {
        "precision": 0.7027972027972028,
        "recall": 0.32576985413290116,
        "f1-score": 0.44518272425249167,
        "support": 617.0
      },
      "positive": {
        "precision": 0.8543307086614174,
        "recall": 0.4597457627118644,
        "f1-score": 0.5977961432506887,
        "support": 472.0
      }
    }
  },
  "random_forest": {
    "accuracy": 0.7471775573041396,
    "macro_f1": 0.6579775892256411,
    "weighted_f1": 0.7358488039898035,
    "per_class": {
      "negative": {
        "precision": 0.7949587978671837,
        "recall": 0.8942202835332607,
        "f1-score": 0.8416730818578394,
        "support": 1834.0
      },
      "neutral": {
        "precision": 0.5753138075313807,
        "recall": 0.44570502431118314,
        "f1-score": 0.502283105022831,
        "support": 617.0
      },
      "positive": {
        "precision": 0.7041884816753927,
        "recall": 0.5699152542372882,
        "f1-score": 0.629976580796253,
        "support": 472.0
      }
    }
  }
}