{
  "linear_svc": 0.76257269928156,
  "complement_nb": 0.7588094423537461
}